id;name;description;landingimg;landingimg_content_type
1;circuit generate;engineer;../fake-data/blob/hipster.png;image/png
2;Checking Account open-source;Customizable Salad;../fake-data/blob/hipster.png;image/png
3;Berkshire;Down-sized reintermediate;../fake-data/blob/hipster.png;image/png
4;synthesizing users integrated;Keyboard Music Lithuanian Litas;../fake-data/blob/hipster.png;image/png
5;alarm Christmas Island invoice;technologies Versatile interface;../fake-data/blob/hipster.png;image/png
6;bandwidth Tuna;Program Danish Krone models;../fake-data/blob/hipster.png;image/png
7;wireless;Bahraini Dinar Soap standardization;../fake-data/blob/hipster.png;image/png
8;Branch Investment Account;local area network engineer Personal Loan Account;../fake-data/blob/hipster.png;image/png
9;solid state;architectures;../fake-data/blob/hipster.png;image/png
10;Utah;Jewelery back-end;../fake-data/blob/hipster.png;image/png
