id;name;description;planimg;planimg_content_type
1;California infrastructure deploy;SSL;../fake-data/blob/hipster.png;image/png
2;quantify SSL;Computers heuristic;../fake-data/blob/hipster.png;image/png
3;end-to-end innovate Comoros;Metal Sausages microchip;../fake-data/blob/hipster.png;image/png
4;New York;cyan Synergized solid state;../fake-data/blob/hipster.png;image/png
5;Universal Chile;innovative payment USB;../fake-data/blob/hipster.png;image/png
6;mindshare compress Minnesota;Metal;../fake-data/blob/hipster.png;image/png
7;IB lavender;Berkshire Shoes;../fake-data/blob/hipster.png;image/png
8;synthesizing Director Savings Account;granular Bedfordshire auxiliary;../fake-data/blob/hipster.png;image/png
9;fresh-thinking e-tailers;Music;../fake-data/blob/hipster.png;image/png
10;Future;Books Monaco;../fake-data/blob/hipster.png;image/png
